{
  "DT_PassiveSkill_Main": {
    "CraftSpeed_up3": {
      "Rank": 4,
      "LotteryWeight": 6,
      "OverrideDescMsgID": "None",
      "TargetElementType": "EPalElementType::None",
      "EffectType1": "EPalPassiveSkillEffectType::CraftSpeed",
      "EffectValue1": 75,
      "TargetType1": "EPalPassiveSkillEffectTargetType::ToSelf",
      "EffectType2": "EPalPassiveSkillEffectType::no",
      "EffectValue2": 0,
      "TargetType2": "EPalPassiveSkillEffectTargetType::ToSelf",
      "EffectType3": "EPalPassiveSkillEffectType::no",
      "EffectValue3": 0,
      "TargetType3": "EPalPassiveSkillEffectTargetType::ToSelf",
      "InvokeActiveOtomo": false,
      "InvokeWorker": false,
      "InvokeRiding": false,
      "InvokeReserve": false,
      "InvokeInOtomo": false,
      "InvokeAlways": true,
      "InvokeInBaseCamp": false,
      "AddPal": true,
      "AddRarePal": false,
      "AddShotWeapon": false,
      "AddMeleeWeapon": false,
      "AddArmor": false,
      "AddAccessory": false,
      "OverrideNameTextID": "Remarkable Craftsmanship",
      "OverrideSummaryTextId": "None",
      "Category": "EPalPassiveCategory::SortDisplayable"
    },
    "Deffence_up3": {
      "Rank": 4,
      "LotteryWeight": 6,
      "OverrideDescMsgID": "Defense +{EffectValue1}%",
      "TargetElementType": "EPalElementType::None",
      "EffectType1": "EPalPassiveSkillEffectType::Defense",
      "EffectValue1": 50,
      "TargetType1": "EPalPassiveSkillEffectTargetType::ToSelf",
      "EffectType2": "EPalPassiveSkillEffectType::no",
      "EffectValue2": 0,
      "TargetType2": "EPalPassiveSkillEffectTargetType::ToSelf",
      "EffectType3": "EPalPassiveSkillEffectType::no",
      "EffectValue3": 0,
      "TargetType3": "EPalPassiveSkillEffectTargetType::ToSelf",
      "InvokeActiveOtomo": false,
      "InvokeWorker": false,
      "InvokeRiding": false,
      "InvokeReserve": false,
      "InvokeInOtomo": false,
      "InvokeAlways": true,
      "InvokeInBaseCamp": false,
      "AddPal": true,
      "AddRarePal": false,
      "AddShotWeapon": false,
      "AddMeleeWeapon": false,
      "AddArmor": false,
      "AddAccessory": false,
      "OverrideNameTextID": "Diamond Body",
      "OverrideSummaryTextId": "None",
      "Category": "EPalPassiveCategory::SortDisplayable"
    },
    "Deffence_up2": {
      "Rank": 3,
      "LotteryWeight": 100,
      "OverrideDescMsgID": "None",
      "TargetElementType": "EPalElementType::None",
      "EffectType1": "EPalPassiveSkillEffectType::Defense",
      "EffectValue1": 30,
      "TargetType1": "EPalPassiveSkillEffectTargetType::ToSelf",
      "EffectType2": "EPalPassiveSkillEffectType::no",
      "EffectValue2": 0,
      "TargetType2": "EPalPassiveSkillEffectTargetType::ToSelf",
      "EffectType3": "EPalPassiveSkillEffectType::no",
      "EffectValue3": 0,
      "TargetType3": "EPalPassiveSkillEffectTargetType::ToSelf",
      "InvokeActiveOtomo": false,
      "InvokeWorker": false,
      "InvokeRiding": false,
      "InvokeReserve": false,
      "InvokeInOtomo": false,
      "InvokeAlways": true,
      "InvokeInBaseCamp": false,
      "AddPal": true,
      "AddRarePal": false,
      "AddShotWeapon": false,
      "AddMeleeWeapon": false,
      "AddArmor": false,
      "AddAccessory": false,
      "OverrideNameTextID": "Burly Body",
      "OverrideSummaryTextId": "None",
      "Category": "EPalPassiveCategory::SortDisplayable"
    },
    "Deffence_up1": {
      "Rank": 1,
      "LotteryWeight": 100,
      "OverrideDescMsgID": "None",
      "TargetElementType": "EPalElementType::None",
      "EffectType1": "EPalPassiveSkillEffectType::Defense",
      "EffectValue1": 15,
      "TargetType1": "EPalPassiveSkillEffectTargetType::ToSelf",
      "EffectType2": "EPalPassiveSkillEffectType::no",
      "EffectValue2": 0,
      "TargetType2": "EPalPassiveSkillEffectTargetType::ToSelf",
      "EffectType3": "EPalPassiveSkillEffectType::no",
      "EffectValue3": 0,
      "TargetType3": "EPalPassiveSkillEffectTargetType::ToSelf",
      "InvokeActiveOtomo": false,
      "InvokeWorker": false,
      "InvokeRiding": false,
      "InvokeReserve": false,
      "InvokeInOtomo": false,
      "InvokeAlways": true,
      "InvokeInBaseCamp": false,
      "AddPal": true,
      "AddRarePal": false,
      "AddShotWeapon": false,
      "AddMeleeWeapon": false,
      "AddArmor": false,
      "AddAccessory": false,
      "OverrideNameTextID": "Hard Skin",
      "OverrideSummaryTextId": "None",
      "Category": "EPalPassiveCategory::SortDisplayable"
    },
    "LifeSteal_1": {
      "Rank": 1,
      "LotteryWeight": 100,
      "OverrideDescMsgID": "None",
      "TargetElementType": "EPalElementType::None",
      "EffectType1": "EPalPassiveSkillEffectType::LifeSteal",
      "EffectValue1": 2,
      "TargetType1": "EPalPassiveSkillEffectTargetType::ToSelfAndTrainer",
      "EffectType2": "EPalPassiveSkillEffectType::no",
      "EffectValue2": 0,
      "TargetType2": "EPalPassiveSkillEffectTargetType::None",
      "EffectType3": "EPalPassiveSkillEffectType::no",
      "EffectValue3": 0,
      "TargetType3": "EPalPassiveSkillEffectTargetType::None",
      "InvokeActiveOtomo": true,
      "InvokeWorker": false,
      "InvokeRiding": false,
      "InvokeReserve": false,
      "InvokeInOtomo": false,
      "InvokeAlways": false,
      "InvokeInBaseCamp": false,
      "AddPal": false,
      "AddRarePal": false,
      "AddShotWeapon": false,
      "AddMeleeWeapon": false,
      "AddArmor": false,
      "AddAccessory": false,
      "OverrideNameTextID": "None",
      "OverrideSummaryTextId": "None",
      "Category": "EPalPassiveCategory::SortNotDisplayable"
    },
    "LifeSteal_2": {
      "Rank": 2,
      "LotteryWeight": 100,
      "OverrideDescMsgID": "None",
      "TargetElementType": "EPalElementType::None",
      "EffectType1": "EPalPassiveSkillEffectType::LifeSteal",
      "EffectValue1": 3,
      "TargetType1": "EPalPassiveSkillEffectTargetType::ToSelfAndTrainer",
      "EffectType2": "EPalPassiveSkillEffectType::no",
      "EffectValue2": 0,
      "TargetType2": "EPalPassiveSkillEffectTargetType::None",
      "EffectType3": "EPalPassiveSkillEffectType::no",
      "EffectValue3": 0,
      "TargetType3": "EPalPassiveSkillEffectTargetType::None",
      "InvokeActiveOtomo": true,
      "InvokeWorker": false,
      "InvokeRiding": false,
      "InvokeReserve": false,
      "InvokeInOtomo": false,
      "InvokeAlways": false,
      "InvokeInBaseCamp": false,
      "AddPal": false,
      "AddRarePal": false,
      "AddShotWeapon": false,
      "AddMeleeWeapon": false,
      "AddArmor": false,
      "AddAccessory": false,
      "OverrideNameTextID": "None",
      "OverrideSummaryTextId": "None",
      "Category": "EPalPassiveCategory::SortNotDisplayable"
    },
    "LifeSteal_3": {
      "Rank": 3,
      "LotteryWeight": 100,
      "OverrideDescMsgID": "None",
      "TargetElementType": "EPalElementType::None",
      "EffectType1": "EPalPassiveSkillEffectType::LifeSteal",
      "EffectValue1": 4,
      "TargetType1": "EPalPassiveSkillEffectTargetType::ToSelfAndTrainer",
      "EffectType2": "EPalPassiveSkillEffectType::no",
      "EffectValue2": 0,
      "TargetType2": "EPalPassiveSkillEffectTargetType::None",
      "EffectType3": "EPalPassiveSkillEffectType::no",
      "EffectValue3": 0,
      "TargetType3": "EPalPassiveSkillEffectTargetType::None",
      "InvokeActiveOtomo": true,
      "InvokeWorker": false,
      "InvokeRiding": false,
      "InvokeReserve": false,
      "InvokeInOtomo": false,
      "InvokeAlways": false,
      "InvokeInBaseCamp": false,
      "AddPal": false,
      "AddRarePal": false,
      "AddShotWeapon": false,
      "AddMeleeWeapon": false,
      "AddArmor": false,
      "AddAccessory": false,
      "OverrideNameTextID": "None",
      "OverrideSummaryTextId": "None",
      "Category": "EPalPassiveCategory::SortNotDisplayable"
    },
    "LifeSteal_4": {
      "Rank": 4,
      "LotteryWeight": 100,
      "OverrideDescMsgID": "None",
      "TargetElementType": "EPalElementType::None",
      "EffectType1": "EPalPassiveSkillEffectType::LifeSteal",
      "EffectValue1": 5,
      "TargetType1": "EPalPassiveSkillEffectTargetType::ToSelfAndTrainer",
      "EffectType2": "EPalPassiveSkillEffectType::no",
      "EffectValue2": 0,
      "TargetType2": "EPalPassiveSkillEffectTargetType::None",
      "EffectType3": "EPalPassiveSkillEffectType::no",
      "EffectValue3": 0,
      "TargetType3": "EPalPassiveSkillEffectTargetType::None",
      "InvokeActiveOtomo": true,
      "InvokeWorker": false,
      "InvokeRiding": false,
      "InvokeReserve": false,
      "InvokeInOtomo": false,
      "InvokeAlways": false,
      "InvokeInBaseCamp": false,
      "AddPal": false,
      "AddRarePal": false,
      "AddShotWeapon": false,
      "AddMeleeWeapon": false,
      "AddArmor": false,
      "AddAccessory": false,
      "OverrideNameTextID": "None",
      "OverrideSummaryTextId": "None",
      "Category": "EPalPassiveCategory::SortNotDisplayable"
    },
    "LifeSteal_5": {
      "Rank": 5,
      "LotteryWeight": 100,
      "OverrideDescMsgID": "None",
      "TargetElementType": "EPalElementType::None",
      "EffectType1": "EPalPassiveSkillEffectType::LifeSteal",
      "EffectValue1": 6,
      "TargetType1": "EPalPassiveSkillEffectTargetType::ToSelfAndTrainer",
      "EffectType2": "EPalPassiveSkillEffectType::no",
      "EffectValue2": 0,
      "TargetType2": "EPalPassiveSkillEffectTargetType::None",
      "EffectType3": "EPalPassiveSkillEffectType::no",
      "EffectValue3": 0,
      "TargetType3": "EPalPassiveSkillEffectTargetType::None",
      "InvokeActiveOtomo": true,
      "InvokeWorker": false,
      "InvokeRiding": false,
      "InvokeReserve": false,
      "InvokeInOtomo": false,
      "InvokeAlways": false,
      "InvokeInBaseCamp": false,
      "AddPal": false,
      "AddRarePal": false,
      "AddShotWeapon": false,
      "AddMeleeWeapon": false,
      "AddArmor": false,
      "AddAccessory": false,
      "OverrideNameTextID": "None",
      "OverrideSummaryTextId": "None",
      "Category": "EPalPassiveCategory::SortNotDisplayable"
    },
    "Rare": {
      "Rank": 4,
      "LotteryWeight": 100,
      "OverrideDescMsgID": "Attack +{EffectValue2}%, Work Speed +{EffectValue1}%, Sanity drops {EffectValue3}% slower",
      "TargetElementType": "EPalElementType::None",
      "EffectType1": "EPalPassiveSkillEffectType::CraftSpeed",
      "EffectValue1": 25,
      "TargetType1": "EPalPassiveSkillEffectTargetType::ToSelf",
      "EffectType2": "EPalPassiveSkillEffectType::ShotAttack",
      "EffectValue2": 20,
      "TargetType2": "EPalPassiveSkillEffectTargetType::ToSelf",
      "EffectType3": "EPalPassiveSkillEffectType::Sanity_Decrease",
      "EffectValue3": 25,
      "TargetType3": "EPalPassiveSkillEffectTargetType::ToSelf",
      "InvokeActiveOtomo": false,
      "InvokeWorker": false,
      "InvokeRiding": false,
      "InvokeReserve": false,
      "InvokeInOtomo": false,
      "InvokeAlways": true,
      "InvokeInBaseCamp": false,
      "AddPal": false,
      "AddRarePal": true,
      "AddShotWeapon": false,
      "AddMeleeWeapon": false,
      "AddArmor": false,
      "AddAccessory": false,
      "OverrideNameTextID": "Lucky",
      "OverrideSummaryTextId": "None",
      "Category": "EPalPassiveCategory::SortDisplayable"
    },
    "Legend": {
      "Rank": 4,
      "LotteryWeight": 100,
      "OverrideDescMsgID": "Attack +{EffectValue1}%, Defense +{EffectValue2}%, Movement Speed +{EffectValue3}%",
      "TargetElementType": "EPalElementType::None",
      "EffectType1": "EPalPassiveSkillEffectType::ShotAttack",
      "EffectValue1": 30,
      "TargetType1": "EPalPassiveSkillEffectTargetType::ToSelf",
      "EffectType2": "EPalPassiveSkillEffectType::Defense",
      "EffectValue2": 30,
      "TargetType2": "EPalPassiveSkillEffectTargetType::ToSelf",
      "EffectType3": "EPalPassiveSkillEffectType::MoveSpeed",
      "EffectValue3": 30,
      "TargetType3": "EPalPassiveSkillEffectTargetType::ToSelf",
      "InvokeActiveOtomo": false,
      "InvokeWorker": false,
      "InvokeRiding": false,
      "InvokeReserve": false,
      "InvokeInOtomo": false,
      "InvokeAlways": true,
      "InvokeInBaseCamp": false,
      "AddPal": false,
      "AddRarePal": false,
      "AddShotWeapon": false,
      "AddMeleeWeapon": false,
      "AddArmor": false,
      "AddAccessory": false,
      "OverrideNameTextID": "Legend",
      "OverrideSummaryTextId": "None",
      "Category": "EPalPassiveCategory::SortDisplayable"
    },
    "PAL_ALLAttack_up3": {
      "Rank": 4,
      "LotteryWeight": 6,
      "OverrideDescMsgID": "Attack +{EffectValue1}%\r\nHP +{EffectValue2}%.",
      "TargetElementType": "EPalElementType::None",
      "EffectType1": "EPalPassiveSkillEffectType::ShotAttack",
      "EffectValue1": 40,
      "TargetType1": "EPalPassiveSkillEffectTargetType::ToSelf",
      "EffectType2": "EPalPassiveSkillEffectType::MaxHP",
      "EffectValue2": 10,
      "TargetType2": "EPalPassiveSkillEffectTargetType::ToSelf",
      "EffectType3": "EPalPassiveSkillEffectType::no",
      "EffectValue3": 0,
      "TargetType3": "EPalPassiveSkillEffectTargetType::ToSelf",
      "InvokeActiveOtomo": false,
      "InvokeWorker": false,
      "InvokeRiding": false,
      "InvokeReserve": false,
      "InvokeInOtomo": false,
      "InvokeAlways": true,
      "InvokeInBaseCamp": false,
      "AddPal": true,
      "AddRarePal": false,
      "AddShotWeapon": false,
      "AddMeleeWeapon": false,
      "AddArmor": false,
      "AddAccessory": false,
      "OverrideNameTextID": "Hercules",
      "OverrideSummaryTextId": "None",
      "Category": "EPalPassiveCategory::SortDisplayable"
    },
    "PAL_ALLAttack_up2": {
      "Rank": 3,
      "LotteryWeight": 100,
      "OverrideDescMsgID": "Attack +{EffectValue1}%\r\nHP +{EffectValue2}%.",
      "TargetElementType": "EPalElementType::None",
      "EffectType1": "EPalPassiveSkillEffectType::ShotAttack",
      "EffectValue1": 30,
      "TargetType1": "EPalPassiveSkillEffectTargetType::ToSelf",
      "EffectType2": "EPalPassiveSkillEffectType::MaxHP",
      "EffectValue2": 8,
      "TargetType2": "EPalPassiveSkillEffectTargetType::ToSelf",
      "EffectType3": "EPalPassiveSkillEffectType::no",
      "EffectValue3": 0,
      "TargetType3": "EPalPassiveSkillEffectTargetType::ToSelf",
      "InvokeActiveOtomo": false,
      "InvokeWorker": false,
      "InvokeRiding": false,
      "InvokeReserve": false,
      "InvokeInOtomo": false,
      "InvokeAlways": true,
      "InvokeInBaseCamp": false,
      "AddPal": true,
      "AddRarePal": false,
      "AddShotWeapon": false,
      "AddMeleeWeapon": false,
      "AddArmor": false,
      "AddAccessory": false,
      "OverrideNameTextID": "Ferocious",
      "OverrideSummaryTextId": "None",
      "Category": "EPalPassiveCategory::SortDisplayable"
    },
    "PAL_ALLAttack_up1": {
      "Rank": 1,
      "LotteryWeight": 100,
      "OverrideDescMsgID": "Attack +{EffectValue1}%\r\nHP +{EffectValue2}%.",
      "TargetElementType": "EPalElementType::None",
      "EffectType1": "EPalPassiveSkillEffectType::ShotAttack",
      "EffectValue1": 15,
      "TargetType1": "EPalPassiveSkillEffectTargetType::ToSelf",
      "EffectType2": "EPalPassiveSkillEffectType::MaxHP",
      "EffectValue2": 5,
      "TargetType2": "EPalPassiveSkillEffectTargetType::ToSelf",
      "EffectType3": "EPalPassiveSkillEffectType::no",
      "EffectValue3": 0,
      "TargetType3": "EPalPassiveSkillEffectTargetType::ToSelf",
      "InvokeActiveOtomo": false,
      "InvokeWorker": false,
      "InvokeRiding": false,
      "InvokeReserve": false,
      "InvokeInOtomo": false,
      "InvokeAlways": true,
      "InvokeInBaseCamp": false,
      "AddPal": true,
      "AddRarePal": false,
      "AddShotWeapon": false,
      "AddMeleeWeapon": false,
      "AddArmor": false,
      "AddAccessory": false,
      "OverrideNameTextID": "Brave",
      "OverrideSummaryTextId": "None",
      "Category": "EPalPassiveCategory::SortDisplayable"
    },
    "TrainerATK_UP_1": {
      "Rank": 3,
      "LotteryWeight": 100,
      "OverrideDescMsgID": "Trainer Attack +{EffectValue1}%\r\nBase Pal Attack +{EffectValue2}%.",
      "TargetElementType": "EPalElementType::None",
      "EffectType1": "EPalPassiveSkillEffectType::ShotAttack",
      "EffectValue1": 10,
      "TargetType1": "EPalPassiveSkillEffectTargetType::ToTrainer",
      "EffectType2": "EPalPassiveSkillEffectType::AttackRateBaseCampWorker",
      "EffectValue2": 5,
      "TargetType2": "EPalPassiveSkillEffectTargetType::ToBaseCampPal",
      "EffectType3": "EPalPassiveSkillEffectType::no",
      "EffectValue3": 0,
      "TargetType3": "EPalPassiveSkillEffectTargetType::ToSelf",
      "InvokeActiveOtomo": false,
      "InvokeWorker": false,
      "InvokeRiding": false,
      "InvokeReserve": false,
      "InvokeInOtomo": false,
      "InvokeAlways": true,
      "InvokeInBaseCamp": true,
      "AddPal": true,
      "AddRarePal": false,
      "AddShotWeapon": false,
      "AddMeleeWeapon": false,
      "AddArmor": false,
      "AddAccessory": false,
      "OverrideNameTextID": "Offensive Strategist",
      "OverrideSummaryTextId": "None",
      "Category": "EPalPassiveCategory::SortDisplayable"
    },
    "TrainerDEF_UP_1": {
      "Rank": 3,
      "LotteryWeight": 100,
      "OverrideDescMsgID": "Trainer Defense +{EffectValue1}%\r\nBase Pal Defense +{EffectValue2}%.",
      "TargetElementType": "EPalElementType::None",
      "EffectType1": "EPalPassiveSkillEffectType::Defense",
      "EffectValue1": 10,
      "TargetType1": "EPalPassiveSkillEffectTargetType::ToTrainer",
      "EffectType2": "EPalPassiveSkillEffectType::DefenseRateBaseCampWorker",
      "EffectValue2": 5,
      "TargetType2": "EPalPassiveSkillEffectTargetType::ToBaseCampPal",
      "EffectType3": "EPalPassiveSkillEffectType::no",
      "EffectValue3": 0,
      "TargetType3": "EPalPassiveSkillEffectTargetType::ToSelf",
      "InvokeActiveOtomo": false,
      "InvokeWorker": false,
      "InvokeRiding": false,
      "InvokeReserve": false,
      "InvokeInOtomo": false,
      "InvokeAlways": true,
      "InvokeInBaseCamp": true,
      "AddPal": true,
      "AddRarePal": false,
      "AddShotWeapon": false,
      "AddMeleeWeapon": false,
      "AddArmor": false,
      "AddAccessory": false,
      "OverrideNameTextID": "Defensive Strategist",
      "OverrideSummaryTextId": "None",
      "Category": "EPalPassiveCategory::SortDisplayable"
    },
    "TrainerWorkSpeed_UP_1": {
      "Rank": 3,
      "LotteryWeight": 100,
      "OverrideDescMsgID": "Player Work Speed +{EffectValue1}%, base Pal Work Speed +{EffectValue2}%",
      "TargetElementType": "EPalElementType::None",
      "EffectType1": "EPalPassiveSkillEffectType::CraftSpeed",
      "EffectValue1": 25,
      "TargetType1": "EPalPassiveSkillEffectTargetType::ToTrainer",
      "EffectType2": "EPalPassiveSkillEffectType::CraftSpeed",
      "EffectValue2": 8,
      "TargetType2": "EPalPassiveSkillEffectTargetType::ToBaseCampPal",
      "EffectType3": "EPalPassiveSkillEffectType::no",
      "EffectValue3": 0,
      "TargetType3": "EPalPassiveSkillEffectTargetType::ToSelf",
      "InvokeActiveOtomo": false,
      "InvokeWorker": true,
      "InvokeRiding": false,
      "InvokeReserve": false,
      "InvokeInOtomo": false,
      "InvokeAlways": true,
      "InvokeInBaseCamp": true,
      "AddPal": true,
      "AddRarePal": false,
      "AddShotWeapon": false,
      "AddMeleeWeapon": false,
      "AddArmor": false,
      "AddAccessory": false,
      "OverrideNameTextID": "Motivational Leader",
      "OverrideSummaryTextId": "None",
      "Category": "EPalPassiveCategory::SortDisplayable"
    },
    "TrainerMining_up1": {
      "Rank": 3,
      "LotteryWeight": 100,
      "OverrideDescMsgID": "Trainer Mining Speed +{EffectValue1}%\r\nBase Pal Mining Speed +{EffectValue2}%.",
      "TargetElementType": "EPalElementType::None",
      "EffectType1": "EPalPassiveSkillEffectType::Mining",
      "EffectValue1": 25,
      "TargetType1": "EPalPassiveSkillEffectTargetType::ToTrainer",
      "EffectType2": "EPalPassiveSkillEffectType::Mining",
      "EffectValue2": 8,
      "TargetType2": "EPalPassiveSkillEffectTargetType::ToBaseCampPal",
      "EffectType3": "EPalPassiveSkillEffectType::no",
      "EffectValue3": 0,
      "TargetType3": "EPalPassiveSkillEffectTargetType::ToSelf",
      "InvokeActiveOtomo": false,
      "InvokeWorker": false,
      "InvokeRiding": false,
      "InvokeReserve": false,
      "InvokeInOtomo": false,
      "InvokeAlways": true,
      "InvokeInBaseCamp": true,
      "AddPal": true,
      "AddRarePal": false,
      "AddShotWeapon": false,
      "AddMeleeWeapon": false,
      "AddArmor": false,
      "AddAccessory": false,
      "OverrideNameTextID": "Mine Foreman",
      "OverrideSummaryTextId": "None",
      "Category": "EPalPassiveCategory::SortDisplayable"
    },
    "TrainerLogging_up1": {
      "Rank": 3,
      "LotteryWeight": 100,
      "OverrideDescMsgID": "Trainer Logging Speed +{EffectValue1}%\r\nBase Pal Logging Speed +{EffectValue2}%.",
      "TargetElementType": "EPalElementType::None",
      "EffectType1": "EPalPassiveSkillEffectType::Logging",
      "EffectValue1": 25,
      "TargetType1": "EPalPassiveSkillEffectTargetType::ToTrainer",
      "EffectType2": "EPalPassiveSkillEffectType::Logging",
      "EffectValue2": 8,
      "TargetType2": "EPalPassiveSkillEffectTargetType::ToBaseCampPal",
      "EffectType3": "EPalPassiveSkillEffectType::no",
      "EffectValue3": 0,
      "TargetType3": "EPalPassiveSkillEffectTargetType::ToSelf",
      "InvokeActiveOtomo": false,
      "InvokeWorker": false,
      "InvokeRiding": false,
      "InvokeReserve": false,
      "InvokeInOtomo": false,
      "InvokeAlways": true,
      "InvokeInBaseCamp": true,
      "AddPal": true,
      "AddRarePal": false,
      "AddShotWeapon": false,
      "AddMeleeWeapon": false,
      "AddArmor": false,
      "AddAccessory": false,
      "OverrideNameTextID": "Logging Foreman",
      "OverrideSummaryTextId": "None",
      "Category": "EPalPassiveCategory::SortDisplayable"
    },
    "PAL_FullStomach_Down_1": {
      "Rank": 1,
      "LotteryWeight": 100,
      "OverrideDescMsgID": "Hunger decreases 20% slower",
      "TargetElementType": "EPalElementType::None",
      "EffectType1": "EPalPassiveSkillEffectType::FullStomatch_Decrease",
      "EffectValue1": -20,
      "TargetType1": "EPalPassiveSkillEffectTargetType::ToSelf",
      "EffectType2": "EPalPassiveSkillEffectType::no",
      "EffectValue2": 0,
      "TargetType2": "EPalPassiveSkillEffectTargetType::ToSelf",
      "EffectType3": "EPalPassiveSkillEffectType::no",
      "EffectValue3": 0,
      "TargetType3": "EPalPassiveSkillEffectTargetType::ToSelf",
      "InvokeActiveOtomo": false,
      "InvokeWorker": false,
      "InvokeRiding": false,
      "InvokeReserve": false,
      "InvokeInOtomo": false,
      "InvokeAlways": true,
      "InvokeInBaseCamp": false,
      "AddPal": true,
      "AddRarePal": false,
      "AddShotWeapon": false,
      "AddMeleeWeapon": false,
      "AddArmor": false,
      "AddAccessory": false,
      "OverrideNameTextID": "Dainty Eater",
      "OverrideSummaryTextId": "None",
      "Category": "EPalPassiveCategory::SortDisplayable"
    },
    "PAL_FullStomach_Down_2": {
      "Rank": 3,
      "LotteryWeight": 100,
      "OverrideDescMsgID": "Hunger decreases 30% slower",
      "TargetElementType": "EPalElementType::None",
      "EffectType1": "EPalPassiveSkillEffectType::FullStomatch_Decrease",
      "EffectValue1": -30,
      "TargetType1": "EPalPassiveSkillEffectTargetType::ToSelf",
      "EffectType2": "EPalPassiveSkillEffectType::no",
      "EffectValue2": 0,
      "TargetType2": "EPalPassiveSkillEffectTargetType::ToSelf",
      "EffectType3": "EPalPassiveSkillEffectType::no",
      "EffectValue3": 0,
      "TargetType3": "EPalPassiveSkillEffectTargetType::ToSelf",
      "InvokeActiveOtomo": false,
      "InvokeWorker": false,
      "InvokeRiding": false,
      "InvokeReserve": false,
      "InvokeInOtomo": false,
      "InvokeAlways": true,
      "InvokeInBaseCamp": false,
      "AddPal": true,
      "AddRarePal": false,
      "AddShotWeapon": false,
      "AddMeleeWeapon": false,
      "AddArmor": false,
      "AddAccessory": false,
      "OverrideNameTextID": "Diet Lover",
      "OverrideSummaryTextId": "None",
      "Category": "EPalPassiveCategory::SortDisplayable"
    },
    "PAL_FullStomach_Down_3": {
      "Rank": 4,
      "LotteryWeight": 6,
      "OverrideDescMsgID": "Hunger decreases 50% slower",
      "TargetElementType": "EPalElementType::None",
      "EffectType1": "EPalPassiveSkillEffectType::FullStomatch_Decrease",
      "EffectValue1": -50,
      "TargetType1": "EPalPassiveSkillEffectTargetType::ToSelf",
      "EffectType2": "EPalPassiveSkillEffectType::no",
      "EffectValue2": 0,
      "TargetType2": "EPalPassiveSkillEffectTargetType::ToSelf",
      "EffectType3": "EPalPassiveSkillEffectType::no",
      "EffectValue3": 0,
      "TargetType3": "EPalPassiveSkillEffectTargetType::ToSelf",
      "InvokeActiveOtomo": false,
      "InvokeWorker": false,
      "InvokeRiding": false,
      "InvokeReserve": false,
      "InvokeInOtomo": false,
      "InvokeAlways": true,
      "InvokeInBaseCamp": false,
      "AddPal": true,
      "AddRarePal": false,
      "AddShotWeapon": false,
      "AddMeleeWeapon": false,
      "AddArmor": false,
      "AddAccessory": false,
      "OverrideNameTextID": "Mastery of Fasting",
      "OverrideSummaryTextId": "None",
      "Category": "EPalPassiveCategory::SortDisplayable"
    },
    "PAL_Sanity_Down_1": {
      "Rank": 1,
      "LotteryWeight": 100,
      "OverrideDescMsgID": "Sanity drops 15% slower",
      "TargetElementType": "EPalElementType::None",
      "EffectType1": "EPalPassiveSkillEffectType::Sanity_Decrease",
      "EffectValue1": -15,
      "TargetType1": "EPalPassiveSkillEffectTargetType::ToSelf",
      "EffectType2": "EPalPassiveSkillEffectType::no",
      "EffectValue2": 0,
      "TargetType2": "EPalPassiveSkillEffectTargetType::ToSelf",
      "EffectType3": "EPalPassiveSkillEffectType::no",
      "EffectValue3": 0,
      "TargetType3": "EPalPassiveSkillEffectTargetType::ToSelf",
      "InvokeActiveOtomo": false,
      "InvokeWorker": false,
      "InvokeRiding": false,
      "InvokeReserve": false,
      "InvokeInOtomo": false,
      "InvokeAlways": true,
      "InvokeInBaseCamp": false,
      "AddPal": true,
      "AddRarePal": false,
      "AddShotWeapon": false,
      "AddMeleeWeapon": false,
      "AddArmor": false,
      "AddAccessory": false,
      "OverrideNameTextID": "Positive Thinker",
      "OverrideSummaryTextId": "None",
      "Category": "EPalPassiveCategory::SortDisplayable"
    },
    "PAL_Sanity_Down_2": {
      "Rank": 3,
      "LotteryWeight": 100,
      "OverrideDescMsgID": "Sanity drops 30% slower",
      "TargetElementType": "EPalElementType::None",
      "EffectType1": "EPalPassiveSkillEffectType::Sanity_Decrease",
      "EffectValue1": -30,
      "TargetType1": "EPalPassiveSkillEffectTargetType::ToSelf",
      "EffectType2": "EPalPassiveSkillEffectType::no",
      "EffectValue2": 0,
      "TargetType2": "EPalPassiveSkillEffectTargetType::ToSelf",
      "EffectType3": "EPalPassiveSkillEffectType::no",
      "EffectValue3": 0,
      "TargetType3": "EPalPassiveSkillEffectTargetType::ToSelf",
      "InvokeActiveOtomo": false,
      "InvokeWorker": false,
      "InvokeRiding": false,
      "InvokeReserve": false,
      "InvokeInOtomo": false,
      "InvokeAlways": true,
      "InvokeInBaseCamp": false,
      "AddPal": true,
      "AddRarePal": false,
      "AddShotWeapon": false,
      "AddMeleeWeapon": false,
      "AddArmor": false,
      "AddAccessory": false,
      "OverrideNameTextID": "Workaholic",
      "OverrideSummaryTextId": "None",
      "Category": "EPalPassiveCategory::SortDisplayable"
    },
    "PAL_Sanity_Down_3": {
      "Rank": 4,
      "LotteryWeight": 6,
      "OverrideDescMsgID": "Sanity drops 50% slower",
      "TargetElementType": "EPalElementType::None",
      "EffectType1": "EPalPassiveSkillEffectType::Sanity_Decrease",
      "EffectValue1": -50,
      "TargetType1": "EPalPassiveSkillEffectTargetType::ToSelf",
      "EffectType2": "EPalPassiveSkillEffectType::no",
      "EffectValue2": 0,
      "TargetType2": "EPalPassiveSkillEffectTargetType::ToSelf",
      "EffectType3": "EPalPassiveSkillEffectType::no",
      "EffectValue3": 0,
      "TargetType3": "EPalPassiveSkillEffectTargetType::ToSelf",
      "InvokeActiveOtomo": false,
      "InvokeWorker": false,
      "InvokeRiding": false,
      "InvokeReserve": false,
      "InvokeInOtomo": false,
      "InvokeAlways": true,
      "InvokeInBaseCamp": false,
      "AddPal": true,
      "AddRarePal": false,
      "AddShotWeapon": false,
      "AddMeleeWeapon": false,
      "AddArmor": false,
      "AddAccessory": false,
      "OverrideNameTextID": "Heart of the Immovable King",
      "OverrideSummaryTextId": "None",
      "Category": "EPalPassiveCategory::SortDisplayable"
    },
    "ElementBoost_Normal_2_PAL": {
      "Rank": 3,
      "LotteryWeight": 100,
      "OverrideDescMsgID": "Normal Attack +{EffectValue1}%.",
      "TargetElementType": "EPalElementType::None",
      "EffectType1": "EPalPassiveSkillEffectType::ElementBoost_Normal",
      "EffectValue1": 25,
      "TargetType1": "EPalPassiveSkillEffectTargetType::ToSelf",
      "EffectType2": "EPalPassiveSkillEffectType::no",
      "EffectValue2": 0,
      "TargetType2": "EPalPassiveSkillEffectTargetType::ToSelf",
      "EffectType3": "EPalPassiveSkillEffectType::no",
      "EffectValue3": 0,
      "TargetType3": "EPalPassiveSkillEffectTargetType::ToSelf",
      "InvokeActiveOtomo": false,
      "InvokeWorker": false,
      "InvokeRiding": false,
      "InvokeReserve": false,
      "InvokeInOtomo": false,
      "InvokeAlways": true,
      "InvokeInBaseCamp": false,
      "AddPal": false,
      "AddRarePal": false,
      "AddShotWeapon": false,
      "AddMeleeWeapon": false,
      "AddArmor": false,
      "AddAccessory": false,
      "OverrideNameTextID": "Celestial Emperor",
      "OverrideSummaryTextId": "None",
      "Category": "EPalPassiveCategory::SortDisplayable"
    },
    "ElementBoost_Fire_2_PAL": {
      "Rank": 3,
      "LotteryWeight": 100,
      "OverrideDescMsgID": "Fire Attack +{EffectValue1}%.",
      "TargetElementType": "EPalElementType::None",
      "EffectType1": "EPalPassiveSkillEffectType::ElementBoost_Fire",
      "EffectValue1": 25,
      "TargetType1": "EPalPassiveSkillEffectTargetType::ToSelf",
      "EffectType2": "EPalPassiveSkillEffectType::no",
      "EffectValue2": 0,
      "TargetType2": "EPalPassiveSkillEffectTargetType::ToSelf",
      "EffectType3": "EPalPassiveSkillEffectType::no",
      "EffectValue3": 0,
      "TargetType3": "EPalPassiveSkillEffectTargetType::ToSelf",
      "InvokeActiveOtomo": false,
      "InvokeWorker": false,
      "InvokeRiding": false,
      "InvokeReserve": false,
      "InvokeInOtomo": false,
      "InvokeAlways": true,
      "InvokeInBaseCamp": false,
      "AddPal": false,
      "AddRarePal": false,
      "AddShotWeapon": false,
      "AddMeleeWeapon": false,
      "AddArmor": false,
      "AddAccessory": false,
      "OverrideNameTextID": "Flame Emperor",
      "OverrideSummaryTextId": "None",
      "Category": "EPalPassiveCategory::SortDisplayable"
    },
    "ElementBoost_Aqua_2_PAL": {
      "Rank": 3,
      "LotteryWeight": 100,
      "OverrideDescMsgID": "Water Attack +{EffectValue1}%.",
      "TargetElementType": "EPalElementType::None",
      "EffectType1": "EPalPassiveSkillEffectType::ElementBoost_Water",
      "EffectValue1": 25,
      "TargetType1": "EPalPassiveSkillEffectTargetType::ToSelf",
      "EffectType2": "EPalPassiveSkillEffectType::no",
      "EffectValue2": 0,
      "TargetType2": "EPalPassiveSkillEffectTargetType::ToSelf",
      "EffectType3": "EPalPassiveSkillEffectType::no",
      "EffectValue3": 0,
      "TargetType3": "EPalPassiveSkillEffectTargetType::ToSelf",
      "InvokeActiveOtomo": false,
      "InvokeWorker": false,
      "InvokeRiding": false,
      "InvokeReserve": false,
      "InvokeInOtomo": false,
      "InvokeAlways": true,
      "InvokeInBaseCamp": false,
      "AddPal": false,
      "AddRarePal": false,
      "AddShotWeapon": false,
      "AddMeleeWeapon": false,
      "AddArmor": false,
      "AddAccessory": false,
      "OverrideNameTextID": "Lord of the Sea",
      "OverrideSummaryTextId": "None",
      "Category": "EPalPassiveCategory::SortDisplayable"
    },
    "ElementBoost_Thunder_2_PAL": {
      "Rank": 3,
      "LotteryWeight": 100,
      "OverrideDescMsgID": "Electric Attack +{EffectValue1}%.",
      "TargetElementType": "EPalElementType::None",
      "EffectType1": "EPalPassiveSkillEffectType::ElementBoost_Electricity",
      "EffectValue1": 25,
      "TargetType1": "EPalPassiveSkillEffectTargetType::ToSelf",
      "EffectType2": "EPalPassiveSkillEffectType::no",
      "EffectValue2": 0,
      "TargetType2": "EPalPassiveSkillEffectTargetType::ToSelf",
      "EffectType3": "EPalPassiveSkillEffectType::no",
      "EffectValue3": 0,
      "TargetType3": "EPalPassiveSkillEffectTargetType::ToSelf",
      "InvokeActiveOtomo": false,
      "InvokeWorker": false,
      "InvokeRiding": false,
      "InvokeReserve": false,
      "InvokeInOtomo": false,
      "InvokeAlways": true,
      "InvokeInBaseCamp": false,
      "AddPal": false,
      "AddRarePal": false,
      "AddShotWeapon": false,
      "AddMeleeWeapon": false,
      "AddArmor": false,
      "AddAccessory": false,
      "OverrideNameTextID": "Lord of Lightning",
      "OverrideSummaryTextId": "None",
      "Category": "EPalPassiveCategory::SortDisplayable"
    },
    "ElementBoost_Leaf_2_PAL": {
      "Rank": 3,
      "LotteryWeight": 100,
      "OverrideDescMsgID": "Grass Attack +{EffectValue1}%.",
      "TargetElementType": "EPalElementType::None",
      "EffectType1": "EPalPassiveSkillEffectType::ElementBoost_Leaf",
      "EffectValue1": 25,
      "TargetType1": "EPalPassiveSkillEffectTargetType::ToSelf",
      "EffectType2": "EPalPassiveSkillEffectType::no",
      "EffectValue2": 0,
      "TargetType2": "EPalPassiveSkillEffectTargetType::ToSelf",
      "EffectType3": "EPalPassiveSkillEffectType::no",
      "EffectValue3": 0,
      "TargetType3": "EPalPassiveSkillEffectTargetType::ToSelf",
      "InvokeActiveOtomo": false,
      "InvokeWorker": false,
      "InvokeRiding": false,
      "InvokeReserve": false,
      "InvokeInOtomo": false,
      "InvokeAlways": true,
      "InvokeInBaseCamp": false,
      "AddPal": false,
      "AddRarePal": false,
      "AddShotWeapon": false,
      "AddMeleeWeapon": false,
      "AddArmor": false,
      "AddAccessory": false,
      "OverrideNameTextID": "Verdant Ruler",
      "OverrideSummaryTextId": "None",
      "Category": "EPalPassiveCategory::SortDisplayable"
    },
    "ElementBoost_Ice_2_PAL": {
      "Rank": 3,
      "LotteryWeight": 100,
      "OverrideDescMsgID": "Ice Attack +{EffectValue1}%.",
      "TargetElementType": "EPalElementType::None",
      "EffectType1": "EPalPassiveSkillEffectType::ElementBoost_Ice",
      "EffectValue1": 25,
      "TargetType1": "EPalPassiveSkillEffectTargetType::ToSelf",
      "EffectType2": "EPalPassiveSkillEffectType::no",
      "EffectValue2": 0,
      "TargetType2": "EPalPassiveSkillEffectTargetType::ToSelf",
      "EffectType3": "EPalPassiveSkillEffectType::no",
      "EffectValue3": 0,
      "TargetType3": "EPalPassiveSkillEffectTargetType::ToSelf",
      "InvokeActiveOtomo": false,
      "InvokeWorker": false,
      "InvokeRiding": false,
      "InvokeReserve": false,
      "InvokeInOtomo": false,
      "InvokeAlways": true,
      "InvokeInBaseCamp": false,
      "AddPal": false,
      "AddRarePal": false,
      "AddShotWeapon": false,
      "AddMeleeWeapon": false,
      "AddArmor": false,
      "AddAccessory": false,
      "OverrideNameTextID": "Ice Emperor",
      "OverrideSummaryTextId": "None",
      "Category": "EPalPassiveCategory::SortDisplayable"
    },
    "ElementBoost_Earth_2_PAL": {
      "Rank": 3,
      "LotteryWeight": 100,
      "OverrideDescMsgID": "Earth Attack +{EffectValue1}%.",
      "TargetElementType": "EPalElementType::None",
      "EffectType1": "EPalPassiveSkillEffectType::ElementBoost_Earth",
      "EffectValue1": 25,
      "TargetType1": "EPalPassiveSkillEffectTargetType::ToSelf",
      "EffectType2": "EPalPassiveSkillEffectType::no",
      "EffectValue2": 0,
      "TargetType2": "EPalPassiveSkillEffectTargetType::ToSelf",
      "EffectType3": "EPalPassiveSkillEffectType::no",
      "EffectValue3": 0,
      "TargetType3": "EPalPassiveSkillEffectTargetType::ToSelf",
      "InvokeActiveOtomo": false,
      "InvokeWorker": false,
      "InvokeRiding": false,
      "InvokeReserve": false,
      "InvokeInOtomo": false,
      "InvokeAlways": true,
      "InvokeInBaseCamp": false,
      "AddPal": false,
      "AddRarePal": false,
      "AddShotWeapon": false,
      "AddMeleeWeapon": false,
      "AddArmor": false,
      "AddAccessory": false,
      "OverrideNameTextID": "Earth Emperor",
      "OverrideSummaryTextId": "None",
      "Category": "EPalPassiveCategory::SortDisplayable"
    },
    "ElementBoost_Dark_2_PAL": {
      "Rank": 3,
      "LotteryWeight": 100,
      "OverrideDescMsgID": "Dark Attack +{EffectValue1}%.",
      "TargetElementType": "EPalElementType::None",
      "EffectType1": "EPalPassiveSkillEffectType::ElementBoost_Dark",
      "EffectValue1": 25,
      "TargetType1": "EPalPassiveSkillEffectTargetType::ToSelf",
      "EffectType2": "EPalPassiveSkillEffectType::no",
      "EffectValue2": 0,
      "TargetType2": "EPalPassiveSkillEffectTargetType::ToSelf",
      "EffectType3": "EPalPassiveSkillEffectType::no",
      "EffectValue3": 0,
      "TargetType3": "EPalPassiveSkillEffectTargetType::ToSelf",
      "InvokeActiveOtomo": false,
      "InvokeWorker": false,
      "InvokeRiding": false,
      "InvokeReserve": false,
      "InvokeInOtomo": false,
      "InvokeAlways": true,
      "InvokeInBaseCamp": false,
      "AddPal": false,
      "AddRarePal": false,
      "AddShotWeapon": false,
      "AddMeleeWeapon": false,
      "AddArmor": false,
      "AddAccessory": false,
      "OverrideNameTextID": "King of Shadows",
      "OverrideSummaryTextId": "None",
      "Category": "EPalPassiveCategory::SortDisplayable"
    },
    "ElementBoost_Dragon_2_PAL": {
      "Rank": 3,
      "LotteryWeight": 100,
      "OverrideDescMsgID": "Dragon Attack +{EffectValue1}%.",
      "TargetElementType": "EPalElementType::None",
      "EffectType1": "EPalPassiveSkillEffectType::ElementBoost_Dragon",
      "EffectValue1": 25,
      "TargetType1": "EPalPassiveSkillEffectTargetType::ToSelf",
      "EffectType2": "EPalPassiveSkillEffectType::no",
      "EffectValue2": 0,
      "TargetType2": "EPalPassiveSkillEffectTargetType::ToSelf",
      "EffectType3": "EPalPassiveSkillEffectType::no",
      "EffectValue3": 0,
      "TargetType3": "EPalPassiveSkillEffectTargetType::ToSelf",
      "InvokeActiveOtomo": false,
      "InvokeWorker": false,
      "InvokeRiding": false,
      "InvokeReserve": false,
      "InvokeInOtomo": false,
      "InvokeAlways": true,
      "InvokeInBaseCamp": false,
      "AddPal": false,
      "AddRarePal": false,
      "AddShotWeapon": false,
      "AddMeleeWeapon": false,
      "AddArmor": false,
      "AddAccessory": false,
      "OverrideNameTextID": "Divine Dragon",
      "OverrideSummaryTextId": "None",
      "Category": "EPalPassiveCategory::SortDisplayable"
    },
    "MoveSpeed_up_1": {
      "Rank": 1,
      "LotteryWeight": 100,
      "OverrideDescMsgID": "Movement Speed +{EffectValue1}%",
      "TargetElementType": "EPalElementType::None",
      "EffectType1": "EPalPassiveSkillEffectType::MoveSpeed",
      "EffectValue1": 40,
      "TargetType1": "EPalPassiveSkillEffectTargetType::ToSelf",
      "EffectType2": "EPalPassiveSkillEffectType::no",
      "EffectValue2": 0,
      "TargetType2": "EPalPassiveSkillEffectTargetType::ToSelf",
      "EffectType3": "EPalPassiveSkillEffectType::no",
      "EffectValue3": 0,
      "TargetType3": "EPalPassiveSkillEffectTargetType::ToSelf",
      "InvokeActiveOtomo": false,
      "InvokeWorker": false,
      "InvokeRiding": false,
      "InvokeReserve": false,
      "InvokeInOtomo": false,
      "InvokeAlways": true,
      "InvokeInBaseCamp": false,
      "AddPal": true,
      "AddRarePal": false,
      "AddShotWeapon": false,
      "AddMeleeWeapon": false,
      "AddArmor": false,
      "AddAccessory": false,
      "OverrideNameTextID": "Nimble",
      "OverrideSummaryTextId": "None",
      "Category": "EPalPassiveCategory::SortDisplayable"
    },
    "MoveSpeed_up_2": {
      "Rank": 3,
      "LotteryWeight": 100,
      "OverrideDescMsgID": "Movement Speed +{EffectValue1}%",
      "TargetElementType": "EPalElementType::None",
      "EffectType1": "EPalPassiveSkillEffectType::"
    }
  }
}