{
    "DT_ItemShopCreateData": {
        "Medal_Shop_1": {
            "productDataArray": {
                "Action": "Clear",
                "Items": [
                    {
                        "StaticItemId": "UnlockEquipmentSlot_Accessory_01",
                        "ProductType": "EPalItemShopProductType::OnlyPurchaseOne",
                        "OverridePrice": 100,
                        "ProductNum": 1,
                        "Stock": 0
                    },

                    {
                        "StaticItemId": "UnlockEquipmentSlot_Accessory_02",
                        "ProductType": "EPalItemShopProductType::OnlyPurchaseOne",
                        "OverridePrice": 750,
                        "ProductNum": 1,
                        "Stock": 0
                    },

                    {
                        "StaticItemId": "HeadEquip033",
                        "ProductType": "EPalItemShopProductType::Normal",
                        "OverridePrice": 50,
                        "ProductNum": 1,
                        "Stock": 0
                    },

                    {
                        "StaticItemId": "HeadEquip029",
                        "ProductType": "EPalItemShopProductType::Normal",
                        "OverridePrice": 50,
                        "ProductNum": 1,
                        "Stock": 0
                    },

                    {
                        "StaticItemId": "HeadEquip027",
                        "ProductType": "EPalItemShopProductType::Normal",
                        "OverridePrice": 50,
                        "ProductNum": 1,
                        "Stock": 0
                    },

                    {
                        "StaticItemId": "HeadEquip030",
                        "ProductType": "EPalItemShopProductType::Normal",
                        "OverridePrice": 50,
                        "ProductNum": 1,
                        "Stock": 0
                    },

                    {
                        "StaticItemId": "HeadEquip024",
                        "ProductType": "EPalItemShopProductType::Normal",
                        "OverridePrice": 50,
                        "ProductNum": 1,
                        "Stock": 0
                    },

                    {
                        "StaticItemId": "HeadEquip023",
                        "ProductType": "EPalItemShopProductType::Normal",
                        "OverridePrice": 50,
                        "ProductNum": 1,
                        "Stock": 0
                    },

                    {
                        "StaticItemId": "Accessory_MaxWeightUp_02",
                        "ProductType": "EPalItemShopProductType::Normal",
                        "OverridePrice": 50,
                        "ProductNum": 1,
                        "Stock": 0
                    },

                    {
                        "StaticItemId": "Accessory_HeatColdResist_2",
                        "ProductType": "EPalItemShopProductType::Normal",
                        "OverridePrice": 100,
                        "ProductNum": 1,
                        "Stock": 0
                    },

                    {
                        "StaticItemId": "Fruit_hp_01",
                        "ProductType": "EPalItemShopProductType::Normal",
                        "OverridePrice": 350,
                        "ProductNum": 1,
                        "Stock": 0
                    },

                    {
                        "StaticItemId": "Fruit_attack_01",
                        "ProductType": "EPalItemShopProductType::Normal",
                        "OverridePrice": 350,
                        "ProductNum": 1,
                        "Stock": 0
                    },

                    {
                        "StaticItemId": "Fruit__defense_01",
                        "ProductType": "EPalItemShopProductType::Normal",
                        "OverridePrice": 350,
                        "ProductNum": 1,
                        "Stock": 0
                    },

                    {
                        "StaticItemId": "Elixir_hp_02",
                        "ProductType": "EPalItemShopProductType::Normal",
                        "OverridePrice": 200,
                        "ProductNum": 1,
                        "Stock": 0
                    },

                    {
                        "StaticItemId": "Elixir_stamina_02",
                        "ProductType": "EPalItemShopProductType::Normal",
                        "OverridePrice": 200,
                        "ProductNum": 1,
                        "Stock": 0
                    },

                    {
                        "StaticItemId": "Elixir_attack_02",
                        "ProductType": "EPalItemShopProductType::Normal",
                        "OverridePrice": 200,
                        "ProductNum": 1,
                        "Stock": 0
                    },

                    {
                        "StaticItemId": "Elixir_workspeed_02",
                        "ProductType": "EPalItemShopProductType::Normal",
                        "OverridePrice": 200,
                        "ProductNum": 1,
                        "Stock": 0
                    },

                    {
                        "StaticItemId": "Elixir_weight_02",
                        "ProductType": "EPalItemShopProductType::Normal",
                        "OverridePrice": 200,
                        "ProductNum": 1,
                        "Stock": 0
                    },

                    {
                        "StaticItemId": "Rankup_Arbitrary",
                        "ProductType": "EPalItemShopProductType::Normal",
                        "OverridePrice": 1000,
                        "ProductNum": 1,
                        "Stock": 0
                    },

                    {
                        "StaticItemId": "WorkSuitability_AddTicket_EmitFlame",
                        "ProductType": "EPalItemShopProductType::Normal",
                        "OverridePrice": 250,
                        "ProductNum": 1,
                        "Stock": 0
                    },

                    {
                        "StaticItemId": "WorkSuitability_AddTicket_Watering",
                        "ProductType": "EPalItemShopProductType::Normal",
                        "OverridePrice": 250,
                        "ProductNum": 1,
                        "Stock": 0
                    },

                    {
                        "StaticItemId": "WorkSuitability_AddTicket_Seeding",
                        "ProductType": "EPalItemShopProductType::Normal",
                        "OverridePrice": 250,
                        "ProductNum": 1,
                        "Stock": 0
                    },

                    {
                        "StaticItemId": "WorkSuitability_AddTicket_GenerateElectricity",
                        "ProductType": "EPalItemShopProductType::Normal",
                        "OverridePrice": 250,
                        "ProductNum": 1,
                        "Stock": 0
                    },

                    {
                        "StaticItemId": "WorkSuitability_AddTicket_Handcraft",
                        "ProductType": "EPalItemShopProductType::Normal",
                        "OverridePrice": 250,
                        "ProductNum": 1,
                        "Stock": 0
                    },

                    {
                        "StaticItemId": "WorkSuitability_AddTicket_Collection",
                        "ProductType": "EPalItemShopProductType::Normal",
                        "OverridePrice": 250,
                        "ProductNum": 1,
                        "Stock": 0
                    },

                    {
                        "StaticItemId": "WorkSuitability_AddTicket_Deforest",
                        "ProductType": "EPalItemShopProductType::Normal",
                        "OverridePrice": 250,
                        "ProductNum": 1,
                        "Stock": 0
                    },

                    {
                        "StaticItemId": "WorkSuitability_AddTicket_Mining",
                        "ProductType": "EPalItemShopProductType::Normal",
                        "OverridePrice": 250,
                        "ProductNum": 1,
                        "Stock": 0
                    },

                    {
                        "StaticItemId": "WorkSuitability_AddTicket_ProductMedicine",
                        "ProductType": "EPalItemShopProductType::Normal",
                        "OverridePrice": 250,
                        "ProductNum": 1,
                        "Stock": 0
                    },

                    {
                        "StaticItemId": "WorkSuitability_AddTicket_Cool",
                        "ProductType": "EPalItemShopProductType::Normal",
                        "OverridePrice": 250,
                        "ProductNum": 1,
                        "Stock": 0
                    },

                    {
                        "StaticItemId": "WorkSuitability_AddTicket_Transport",
                        "ProductType": "EPalItemShopProductType::Normal",
                        "OverridePrice": 250,
                        "ProductNum": 1,
                        "Stock": 0
                    },

                    {
                        "StaticItemId": "Money",
                        "ProductType": "EPalItemShopProductType::Normal",
                        "OverridePrice": 100,
                        "ProductNum": 25000,
                        "Stock": 0
                    },

                    {
                        "StaticItemId": "StatusPointResetSan",
                        "ProductType": "EPalItemShopProductType::Normal",
                        "OverridePrice": 1500,
                        "ProductNum": 1,
                        "Stock": 0
                    },

                    {
                        "StaticItemId": "TechnologyBook_G3",
                        "ProductType": "EPalItemShopProductType::Normal",
                        "OverridePrice": 150,
                        "ProductNum": 1,
                        "Stock": 0
                    },

                    {
                        "StaticItemId": "PalCrystal_Ex",
                        "ProductType": "EPalItemShopProductType::Normal",
                        "OverridePrice": 100,
                        "ProductNum": 20,
                        "Stock": 0
                    },

                    {
                        "StaticItemId": "AncientParts2",
                        "ProductType": "EPalItemShopProductType::Normal",
                        "OverridePrice": 100,
                        "ProductNum": 5,
                        "Stock": 0
                    },

                    {
                        "StaticItemId": "PredatorCrystal",
                        "ProductType": "EPalItemShopProductType::Normal",
                        "OverridePrice": 150,
                        "ProductNum": 3,
                        "Stock": 0
                    },

                    {
                        "StaticItemId": "LvUP_01",
                        "ProductType": "EPalItemShopProductType::Normal",
                        "OverridePrice": 200,
                        "ProductNum": 1,
                        "Stock": 0
                    }
                ]
            }
        }
    }
}